<?xml version="1.0" encoding="UTF-8"?>
<workspaceFilter version="1.0">
    <filter root="/conf/aem-library" mode="merge"/>
    <filter root="/content/aem-library" mode="merge"/>
    <filter root="/content/dam/aem-library" mode="merge">
        <exclude pattern="/content/dam/aem-library(/.*)?"/>
        <include pattern="/content/dam/aem-library/jcr:content(/.*)?"/>
    </filter>
    <filter root="/content/dam/aem-library/asset.jpg" mode="merge"/>
    <filter root="/content/experience-fragments/aem-library" mode="merge"/>
</workspaceFilter>
